镜号,场景/地点,画面描述,文件名,素材类型,来源/时间点,说明
1,渤海海面,【实景】渤海日出，金色阳光从地平线升起并铺洒海面；海面保留晨雾与金色潮纹，建立“渤海潮涌”的恢弘开场。,001_渤海海面.jpg,网络图片,https://bbs.zol.com.cn/dcbbs/d22_84150.html,成山头海上日出（网络参考）
2,天津港外海,【实景】天津港外海，一艘巨轮缓缓驶出港区。,002_天津港外海.jpg,网络图片,https://www.seetaoe.com/details/201576.html,天津港集装箱船与码头（网络参考）
3,天津港码头,【连续画面】1、天津港繁忙景象，桥吊完成一次集装箱起吊；2、集装箱离开堆场并升入画面，港口装卸作业,003_天津港码头.jpg,网络图片,https://info.chineseshipping.com.cn/cninfo/News/202307/t20230718_1379145.shtml,天津港桥吊集装箱作业（网络参考）
4,滨海机场,【连续画面】1、侧 一架货机从跑道离地并进入天空；2、正 一架货机从跑道离地并进入天空,004_滨海机场.jpg,参考视频截帧,486a8ac74fce3bf0d046534692eb53aa.mp4 / frame_0159（顺序约395.0s）,允许保留原视频水印；按已核对抽帧序列匹配，原MP4直接跳转可能存在时间轴偏移
5,天津城市天际线,【连续画面】1、某高层楼顶 太阳从后方升起 天津城市天际线由暗转明，从蓝调时刻过渡至晨光；2、天津城市天际线由暗转明，从蓝调时刻过渡至晨光,005_天津城市天际线.jpg,参考视频截帧,486a8ac74fce3bf0d046534692eb53aa.mp4 / frame_0129（顺序约320.0s）,允许保留原视频水印；按已核对抽帧序列匹配，原MP4直接跳转可能存在时间轴偏移
6,虚拟品牌空间 → 项目主视觉,【连续画面】1、天津食品集团与首衡集团双LOGO从画面两侧进入；2、【虚拟包装】金色粒子光效由四周汇聚，逐渐组成项目LOGO与“天津国际农产品交易中心”标准名称；背景为天津城市剪影。,006_虚拟品牌空间 → 项目主视觉.jpg,参考视频截帧,486a8ac74fce3bf0d046534692eb53aa.mp4 / frame_0017（顺序约40.0s）,允许保留原视频水印；按已核对抽帧序列匹配，原MP4直接跳转可能存在时间轴偏移
7,滨海临港地图 → 项目地块,【连续画面】1、【虚拟三维地图】天津滨海临港区域进入画面，项目地块红线高亮闪烁；周边城市、港口与交通关系保持可辨识。；2、【虚拟三维地图】项目全称定位针从红线地块中心弹出，“天津国际农产品交易中心”名称与落位点清晰锁定。,007_滨海临港地图 → 项目地块.jpg,参考视频截帧,486a8ac74fce3bf0d046534692eb53aa.mp4 / frame_0143（顺序约355.0s）,允许保留原视频水印；按已核对抽帧序列匹配，原MP4直接跳转可能存在时间轴偏移
8,天津区域示意 → 合作锁定画面,【连续画面】1、【动态图文】天津区域轮廓上突出“天津唯一大型综合性农产品批发市场”信息卡，项目位置同步保留，强化差异化认知。；2、【虚拟包装】天津食品集团×首衡集团联合标识与项目名称同屏定格，画面形成“市属国企 × 全国农批龙头｜强强合资”的完整落版。,008_天津区域示意 → 合作锁定画面.jpg,参考视频截帧,486a8ac74fce3bf0d046534692eb53aa.mp4 / frame_0144（顺序约357.5s）,允许保留原视频水印；按已核对抽帧序列匹配，原MP4直接跳转可能存在时间轴偏移
9,项目主入口,【3D渲染】项目主入口大门环绕特写；清晨金色侧光勾勒门头、标识与建筑材质，主入口完整、庄重地第一次亮相。,009_项目主入口.jpg,参考视频截帧,486a8ac74fce3bf0d046534692eb53aa.mp4 / frame_0006（顺序约12.5s）,允许保留原视频水印；按已核对抽帧序列匹配，原MP4直接跳转可能存在时间轴偏移
10,园区主干道,【3D渲染】镜头越过项目大门进入园区主干道，清晨园区全景缓缓浮现；道路向纵深延伸，远处建筑形成明确消失点。,010_园区主干道.jpg,参考视频截帧,486a8ac74fce3bf0d046534692eb53aa.mp4 / frame_0008（顺序约17.5s）,允许保留原视频水印；按已核对抽帧序列匹配，原MP4直接跳转可能存在时间轴偏移
11,交易建筑组团,【3D渲染】交易大厅、厂房与冷库建筑组团在晨光中横向展开，建筑轮廓完整铺开；飞鸟从建筑上方掠过。,011_交易建筑组团.jpg,参考视频截帧,486a8ac74fce3bf0d046534692eb53aa.mp4 / frame_0033（顺序约80.0s）,允许保留原视频水印；按已核对抽帧序列匹配，原MP4直接跳转可能存在时间轴偏移
12,园区全景,【3D渲染】镜头航拍拉升至园区鸟瞰，道路、厂房、冷库与车流如织的运营景象共同构成完整产业新城版图。,012_园区全景.jpg,参考视频截帧,486a8ac74fce3bf0d046534692eb53aa.mp4 / frame_0031（顺序约75.0s）,允许保留原视频水印；按已核对抽帧序列匹配，原MP4直接跳转可能存在时间轴偏移
13,京津冀地图,【连续画面】1、【虚拟三维地图】从中国北方下钻至京津冀核心地带，项目为中心的50km圈层首先亮起，建立区域核心坐标。；2、【虚拟三维地图】150km与300km辐射圈层由项目向外分层扩散，清晰呈现服务京津冀、辐射更广区域的空间范围。,013_京津冀地图.jpg,参考视频截帧,486a8ac74fce3bf0d046534692eb53aa.mp4 / frame_0145（顺序约360.0s）,允许保留原视频水印；按已核对抽帧序列匹配，原MP4直接跳转可能存在时间轴偏移
14,公路网络,【虚拟三维地图】京沪高速、港城大道及周边公路线路由项目点向外发光流动，车辆光点沿道路运行，表现公路网络畅通。,014_公路网络.jpg,参考视频截帧,486a8ac74fce3bf0d046534692eb53aa.mp4 / frame_0158（顺序约392.5s）,允许保留原视频水印；按已核对抽帧序列匹配，原MP4直接跳转可能存在时间轴偏移
15,铁路网络,【虚拟三维地图】铁路线路亮起并沿线追踪至滨海西站，站点独立弹出“距滨海西站5km”动态信息卡。,015_铁路网络.jpg,参考视频截帧,486a8ac74fce3bf0d046534692eb53aa.mp4 / frame_0151（顺序约375.0s）,允许保留原视频水印；按已核对抽帧序列匹配，原MP4直接跳转可能存在时间轴偏移
16,滨海机场 → 天津港,【连续画面】1、【虚拟三维地图】滨海机场图标亮起，项目至机场的连线完成生长并标注“距机场30km”，呈现空运连接。；2、【虚拟三维地图】天津港节点亮起并标注“距港17km”；空、海、公、铁线路最终同屏汇总，形成四维多式联运网络。,016_滨海机场 → 天津港.jpg,参考视频截帧,486a8ac74fce3bf0d046534692eb53aa.mp4 / frame_0159（顺序约395.0s）,允许保留原视频水印；按已核对抽帧序列匹配，原MP4直接跳转可能存在时间轴偏移
17,园区总平,【连续画面】1、【4K三维渲染】1545亩园区总平全景垂直拉升，项目地块边界线逐段描出，“1545亩”核心数字随边界完成而出现。；2、【4K三维渲染】园区总平保持俯视，一期、二期用地色块分层弹出并依次点亮，明确呈现“分两期有序开发”。,017_园区总平.jpg,参考视频截帧,486a8ac74fce3bf0d046534692eb53aa.mp4 / frame_0030（顺序约72.5s）,允许保留原视频水印；按已核对抽帧序列匹配，原MP4直接跳转可能存在时间轴偏移
18,园区建筑,【4K三维渲染】建筑体量从园区地面逐层生长，交易建筑、冷库及配套组团由白模过渡至完整材质。,018_园区建筑.jpg,参考视频截帧,486a8ac74fce3bf0d046534692eb53aa.mp4 / frame_0032（顺序约77.5s）,允许保留原视频水印；按已核对抽帧序列匹配，原MP4直接跳转可能存在时间轴偏移
19,建筑群 → 园区全景,【连续画面】1、【4K三维渲染+数据包装】完整建筑群稳定呈现，画面只突出“地上总建面75万㎡”大字报，数字与园区体量对应。；2、【4K三维渲染+数据包装】园区全景轻拉远，“总投资51亿元”在稳定画面上弹出，与1545亩、75万㎡共同完成规模信息。,019_建筑群 → 园区全景.jpg,参考视频截帧,486a8ac74fce3bf0d046534692eb53aa.mp4 / frame_0034（顺序约82.5s）,允许保留原视频水印；按已核对抽帧序列匹配，原MP4直接跳转可能存在时间轴偏移
20,资质文件,【甲方文件+虚拟包装】天津市重点项目相关文件局部进入画面，“天津市重点项目/市级重点工程”关键词以金色高亮。,020_资质文件.jpg,参考视频截帧,486a8ac74fce3bf0d046534692eb53aa.mp4 / frame_0060（顺序约147.5s）,允许保留原视频水印；按已核对抽帧序列匹配，原MP4直接跳转可能存在时间轴偏移
21,规划文件,【甲方文件+虚拟包装】“十五五”相关规划文件局部翻转出现，项目名称及“规划项目/核心规划载体”关键词被重点标注。,021_规划文件.jpg,参考视频截帧,486a8ac74fce3bf0d046534692eb53aa.mp4 / frame_0061（顺序约150.0s）,允许保留原视频水印；按已核对抽帧序列匹配，原MP4直接跳转可能存在时间轴偏移
22,示范材料 → 资质汇总,【连续画面】1、【甲方文件+虚拟包装】港产城融合相关材料局部出现，“港产城融合”“示范/标杆”关键词依次高亮。；2、【虚拟包装】天津市重点项目、“十五五”规划项目、港产城融合标杆三张金色资质卡片并列，统一完成一次庄重盖印。,022_示范材料 → 资质汇总.jpg,参考视频截帧,486a8ac74fce3bf0d046534692eb53aa.mp4 / frame_0058（顺序约142.5s）,允许保留原视频水印；按已核对抽帧序列匹配，原MP4直接跳转可能存在时间轴偏移
23,园区轴测图,【连续画面】1、【三维总平动画】园区轴测总平中，“产业核心集聚轴”作为第一条金色主线由近及远独立延伸，串联产业组团。；2、【三维总平动画】“跨境贸易发展轴”作为第二条金色主线独立亮起并向全球通道方向延伸，与产业轴形成“两轴”结构。,023_园区轴测图.jpg,参考视频截帧,486a8ac74fce3bf0d046534692eb53aa.mp4 / frame_0025（顺序约60.0s）,允许保留原视频水印；按已核对抽帧序列匹配，原MP4直接跳转可能存在时间轴偏移
24,园区轴测图,【三维总平动画】十大交易区按照园区空间顺序逐块点亮，分区色块、建筑轮廓与标签一一对应。,024_园区轴测图.jpg,参考视频截帧,486a8ac74fce3bf0d046534692eb53aa.mp4 / frame_0026（顺序约62.5s）,允许保留原视频水印；按已核对抽帧序列匹配，原MP4直接跳转可能存在时间轴偏移
25,园区轴测图 → 总平锁定,【连续画面】1、【三维总平动画】海关查验、供应链金融、跨境电商、综合服务四大配套中心依次点亮，并与交易区建立节点联系。；2、【三维总平动画】两条发展轴、十大交易区与四大配套中心完整同屏，形成“两轴十区四中心”园区版图总览。,025_园区轴测图 → 总平锁定.jpg,参考视频截帧,486a8ac74fce3bf0d046534692eb53aa.mp4 / frame_0027（顺序约65.0s）,允许保留原视频水印；按已核对抽帧序列匹配，原MP4直接跳转可能存在时间轴偏移
26,生鲜区外部 → 卸货月台,【连续画面】1、【三维+实拍】生鲜蔬菜交易区卸货月台，一辆满载蔬菜的大车驶入并停靠，交易大厅与繁忙月台在背景中建立空间。；2、【实拍】工人从货车上搬下一筐产地直采蔬菜并放至月台；周围成筐蔬菜码放整齐，保留叉车、货车与人流环境。,026_生鲜区外部 → 卸货月台.jpg,参考视频截帧,486a8ac74fce3bf0d046534692eb53aa.mp4 / frame_0083（顺序约205.0s）,允许保留原视频水印；按已核对抽帧序列匹配，原MP4直接跳转可能存在时间轴偏移
27,蔬菜交易大厅,【实拍/三维】蔬菜交易大厅内，采购商拿起蔬菜检查品相；前景货品新鲜、后景交易秩序清楚，表现一站式集采。,027_蔬菜交易大厅.jpg,参考视频截帧,486a8ac74fce3bf0d046534692eb53aa.mp4 / frame_0048（顺序约117.5s）,允许保留原视频水印；按已核对抽帧序列匹配，原MP4直接跳转可能存在时间轴偏移
28,水果区商铺 → 恒温小冷库,【连续画面】1、【三维渲染】进口水果交易区前店后仓商铺立面横向掠过，店招、展示面与后仓入口在同一空间关系中清晰呈现。；2、【三维渲染】分区恒温小冷库门打开，冷气轻涌，内部果箱按品类整齐码放，明确表现进口水果恒温保鲜。,028_水果区商铺 → 恒温小冷库.jpg,参考视频截帧,486a8ac74fce3bf0d046534692eb53aa.mp4 / frame_0040（顺序约97.5s）,允许保留原视频水印；按已核对抽帧序列匹配，原MP4直接跳转可能存在时间轴偏移
29,鲜果陈列,【实拍/三维】进口鲜果展厅内，车厘子、榴莲、柑橘等水果精美陈列；以单组主水果近景突出色泽、质感与新鲜度。,029_鲜果陈列.jpg,参考视频截帧,486a8ac74fce3bf0d046534692eb53aa.mp4 / frame_0086（顺序约212.5s）,允许保留原视频水印；按已核对抽帧序列匹配，原MP4直接跳转可能存在时间轴偏移
30,冻品冷库外部 → 冻品仓内,【连续画面】1、【三维渲染】低温冷库外立面与冷链装卸月台完整定场，冷库门、车辆泊位与蓝白冷雾共同呈现分温区锁鲜环境。；2、【三维+实拍】冻品仓内，叉车穿梭于低温货架并移出一托盘冻品；货架纵深和包装冻品清晰可见。,030_冻品冷库外部 → 冻品仓内.jpg,参考视频截帧,486a8ac74fce3bf0d046534692eb53aa.mp4 / frame_0121（顺序约300.0s）,允许保留原视频水印；按已核对抽帧序列匹配，原MP4直接跳转可能存在时间轴偏移
31,鲜活水产大厅,【三维+实拍】水产鲜活交易大厅，活鱼在透明水箱内游动并跃动水面；以水体反光和鲜活状态表现海产品交易。,031_鲜活水产大厅.jpg,网络图片,https://www.sohu.com/a/813325360_121123750,鲜活水产交易市场（网络参考）
32,花卉大棚 → 花卉货品,【连续画面】1、【三维渲染/实拍】温室花卉展厅大全景，玫瑰、百合与绿植错落有致；通道延伸至画面深处，阳光透过玻璃穹顶洒落。；2、【实拍】单组鲜花或绿植侧逆光微距，花瓣、叶片和水珠纹理清晰，延续“花卉绿植四季如春，点亮城市诗意”的原文意境。,032_花卉大棚 → 花卉货品.jpg,参考视频截帧,486a8ac74fce3bf0d046534692eb53aa.mp4 / frame_0072（顺序约177.5s）,允许保留原视频水印；按已核对抽帧序列匹配，原MP4直接跳转可能存在时间轴偏移
33,冷链云仓外部 → 立体货架通道,【连续画面】1、【三维+实拍】四层智慧冷链云仓全景拉升，建筑、装卸区与冷链车辆完整入画，建立24小时恒温仓储场景。；2、【三维+实拍】智能叉车/AGV沿立体高位货架通道穿梭前进，货位、托盘与纵深形成自动化仓储秩序。,033_冷链云仓外部 → 立体货架通道.jpg,参考视频截帧,486a8ac74fce3bf0d046534692eb53aa.mp4 / frame_0090（顺序约222.5s）,允许保留原视频水印；按已核对抽帧序列匹配，原MP4直接跳转可能存在时间轴偏移
34,温控与溯源,【实拍+UI合成】温度监控大屏数据流动后，工作人员扫描一箱货物的食品溯源二维码，温控与溯源信息同步弹出。,034_温控与溯源.jpg,参考视频截帧,486a8ac74fce3bf0d046534692eb53aa.mp4 / frame_0087（顺序约215.0s）,允许保留原视频水印；按已核对抽帧序列匹配，原MP4直接跳转可能存在时间轴偏移
35,干副粮油区域,【实拍/三维】干副粮油交易货位整齐铺陈，粮油、干副产品分类陈列，采购人员从货架通道经过；对应Brief“干副粮油”业态。,035_干副粮油区域.jpg,网络图片,https://www.xinghua.gov.cn/xwzx/bmdt/art/2024/art_f7cd7861be274d11a63466d97e56a56e.html,农产品交易中心粮油专营店（网络参考）
36,体验式食品区,【实拍/三维】体验式购物/网红食品区域内，消费者在特色食品陈列前驻足选购，商品展示、试吃与消费场景同框。,036_体验式食品区.jpg,参考视频截帧,486a8ac74fce3bf0d046534692eb53aa.mp4 / frame_0040（顺序约97.5s）,允许保留原视频水印；按已核对抽帧序列匹配，原MP4直接跳转可能存在时间轴偏移
37,冷链食品区,【三维+实拍】国际冷链食品交易区内，包装冷链食品在专业低温空间分类陈列，冷色环境与温控标识清晰可见。,037_冷链食品区.jpg,参考视频截帧,486a8ac74fce3bf0d046534692eb53aa.mp4 / frame_0090（顺序约222.5s）,允许保留原视频水印；按已核对抽帧序列匹配，原MP4直接跳转可能存在时间轴偏移
38,菌类特菜,【实拍/三维】食用菌类特菜交易区，菌菇与特色蔬菜分品类整齐装筐，近景突出产品纹理与产地直采的新鲜状态。,038_菌类特菜.jpg,参考视频截帧,486a8ac74fce3bf0d046534692eb53aa.mp4 / frame_0138（顺序约342.5s）,允许保留原视频水印；按已核对抽帧序列匹配，原MP4直接跳转可能存在时间轴偏移
39,城市集配调度 → 城市集配出车,【连续画面】1、【实拍+UI/三维】城市集配中心调度席，调度员在配送大屏确认一条任务，屏幕显示线路、车辆与城市配送节点。；2、【实拍/三维】一辆冷链配送车从城市集配中心驶出，车辆由园区产业中枢驶向城区，画面落实“直达万家灯火”。,039_城市集配调度 → 城市集配出车.jpg,参考视频截帧,486a8ac74fce3bf0d046534692eb53aa.mp4 / frame_0089（顺序约220.0s）,允许保留原视频水印；按已核对抽帧序列匹配，原MP4直接跳转可能存在时间轴偏移
40,分拣加工区 → 十大交易区总览,【连续画面】1、【实拍/三维】分拣加工区传送线上，蔬果经过一次自动分级节点并进入对应周转箱，清楚呈现分拣加工流程。；2、【三维+特效包装】园区轴测总览中，国际冷链食品、体验式购物、进口水果、生鲜食品、食用菌类特菜、花卉、海产品、冷链云仓、城市集配、分拣加工十大板块依次亮起并保持。,040_分拣加工区 → 十大交易区总览.jpg,参考视频截帧,486a8ac74fce3bf0d046534692eb53aa.mp4 / frame_0122（顺序约302.5s）,允许保留原视频水印；按已核对抽帧序列匹配，原MP4直接跳转可能存在时间轴偏移
41,海关查验中心外部 → 智能查验通道,【连续画面】1、【三维】海关查验中心与查验月台大全景，一辆进口冷链货车停在查验位；保税仓储区、通关通道与月台关系清晰。；2、【三维+实拍替代】货物通过智能查验/扫描设备，扫描光线完成一次检测，通关界面同步显示查验信息。,041_海关查验中心外部 → 智能查验通道.jpg,网络图片,https://www.cqn.com.cn/zj/content/2022-11/01/content_8875115.htm,进口冷链货物监管装车（网络参考）
42,通关放行,【三维+MG】查验完成后闸机绿灯亮起，冷链车辆驶离查验月台，表现“一站式报关放行，打通跨境绿色通道”。,042_通关放行.jpg,参考视频截帧,486a8ac74fce3bf0d046534692eb53aa.mp4 / frame_0114（顺序约282.5s）,允许保留原视频水印；按已核对抽帧序列匹配，原MP4直接跳转可能存在时间轴偏移
43,供应链金融中心 → 授信结算界面,【连续画面】1、【实拍+三维】供应链金融中心商务空间定场，商户与金融工作人员面对面交流，背景保留金融办公大楼或服务柜台环境。；2、【实拍+UI合成】去敏后的授信、结算系统界面完成一次确认，额度、结算与经营数据以简洁动态图形呈现。,043_供应链金融中心 → 授信结算界面.jpg,参考视频截帧,486a8ac74fce3bf0d046534692eb53aa.mp4 / frame_0051（顺序约125.0s）,允许保留原视频水印；按已核对抽帧序列匹配，原MP4直接跳转可能存在时间轴偏移
44,商户签约,【实拍】商户代表完成签字并与工作人员握手，文件、签字动作与双方表情完整入画，表现供应链金融赋能经营。,044_商户签约.jpg,参考视频截帧,486a8ac74fce3bf0d046534692eb53aa.mp4 / frame_0167（顺序约415.0s）,允许保留原视频水印；按已核对抽帧序列匹配，原MP4直接跳转可能存在时间轴偏移
45,跨境电商直播间 → 在线交易数据,【连续画面】1、【实拍】跨境电商直播展厅大全景，主播站在直播台前讲解商品，灯光、商品陈列与拍摄设备共同建立直播场景。；2、【实拍+虚拟包装】主播继续带货，线上全国交易数据大屏与订单数量在侧边实时跳动，表现线上交易增长。,045_跨境电商直播间 → 在线交易数据.jpg,网络图片,https://news.hexun.com/2023-08-02/209580123.html,食品电商直播带货（网络参考）
46,包裹分拣,【实拍】跨境包裹完成扫码后沿分拣线进入周转箱，打包、传送与分流动作清晰，落实线上线下履约。,046_包裹分拣.jpg,参考视频截帧,486a8ac74fce3bf0d046534692eb53aa.mp4 / frame_0118（顺序约292.5s）,允许保留原视频水印；按已核对抽帧序列匹配，原MP4直接跳转可能存在时间轴偏移
47,大数据/溯源中心 → 人才公寓,【连续画面】1、【实拍+MG/三维】大数据溯源中心内，溯源大屏显示货品来源、温控与流向数据，工作人员背影在前景操作。；2、【三维/实拍】人才公寓大堂，年轻人拖着行李进入并办理入住，体现园区居住配套与人才服务。,047_大数据_溯源中心 → 人才公寓.jpg,参考视频截帧,486a8ac74fce3bf0d046534692eb53aa.mp4 / frame_0074（顺序约182.5s）,允许保留原视频水印；按已核对抽帧序列匹配，原MP4直接跳转可能存在时间轴偏移
48,总部办公 → 酒店/商业配套,【连续画面】1、【实拍/三维】总部办公空间横向展开，团队正在会议与办公，开放工位、会议区及企业运营状态清晰可见。；2、【实拍/三维】酒店或商超商业配套入口短促定场，门头、顾客与公共空间完整呈现综合服务功能。,048_总部办公 → 酒店_商业配套.jpg,参考视频截帧,486a8ac74fce3bf0d046534692eb53aa.mp4 / frame_0166（顺序约412.5s）,允许保留原视频水印；按已核对抽帧序列匹配，原MP4直接跳转可能存在时间轴偏移
49,客服/服务大厅,【实拍/三维】客服服务大厅内，服务人员为商户办理一次业务；柜台、办事人员与等候区共同体现全周期服务。,049_客服_服务大厅.jpg,参考视频截帧,486a8ac74fce3bf0d046534692eb53aa.mp4 / frame_0097（顺序约240.0s）,允许保留原视频水印；按已核对抽帧序列匹配，原MP4直接跳转可能存在时间轴偏移
50,十大交易区总平 → 四大中心总平,【连续画面】1、【3D/MG混剪】十大交易区总平快速拉升，十个交易板块同时高亮，形成“全品类覆盖”的第一层视觉总结。；2、【3D/MG混剪】四大配套中心节点亮起并与十大交易区连线，数据流在园区内循环，形成“全产业链闭环”。,050_十大交易区总平 → 四大中心总平.jpg,参考视频截帧,486a8ac74fce3bf0d046534692eb53aa.mp4 / frame_0092（顺序约227.5s）,允许保留原视频水印；按已核对抽帧序列匹配，原MP4直接跳转可能存在时间轴偏移
51,交易大厅人流 → 物流车流,【连续画面】1、【实拍/三维混剪】交易大厅内人流、商户与采购人员有序穿行，货品陈列与交易动作共同形成繁忙产业图景。；2、【实拍/三维混剪】多辆冷链货车依次驶出园区，车辆形成连续货流，衔接城市集配与一站式采购成果。,051_交易大厅人流 → 物流车流.jpg,参考视频截帧,486a8ac74fce3bf0d046534692eb53aa.mp4 / frame_0070（顺序约172.5s）,允许保留原视频水印；按已核对抽帧序列匹配，原MP4直接跳转可能存在时间轴偏移
52,篇章字卡,【动态图文】画面由繁忙园区收束至全屏字卡，“全品类覆盖 · 全产业链闭环 · 一站式采购”三组大字依次出现并定格。,052_篇章字卡.jpg,参考视频截帧,486a8ac74fce3bf0d046534692eb53aa.mp4 / frame_0042（顺序约102.5s）,允许保留原视频水印；按已核对抽帧序列匹配，原MP4直接跳转可能存在时间轴偏移
53,清晨菜市场 → 社区超市,【连续画面】1、【实景】天津、北京、河北城乡菜市场清晨开市，摊主打开货车后门并开始卸货，市场灯光与晨雾保留生活质感。；2、【实景】社区超市工作人员将一箱新鲜蔬菜补入货架，货品由周转箱进入零售端，体现城乡流通通道。,053_清晨菜市场 → 社区超市.jpg,参考视频截帧,486a8ac74fce3bf0d046534692eb53aa.mp4 / frame_0050（顺序约122.5s）,允许保留原视频水印；按已核对抽帧序列匹配，原MP4直接跳转可能存在时间轴偏移
54,菜市场摊位,【实景】老人站在菜市场摊位前，拿起一把蔬菜仔细查看新鲜度；人物手部、表情与货品同框。,054_菜市场摊位.jpg,网络图片,https://xinwen.bjd.com.cn/content/s6727826bd5de417e57f1a8e1.html,老人菜市场挑选蔬菜（网络参考）
55,水果摊,【实景】水果摊前，孩子双手捧起一个新鲜水果并露出笑容，以人物近景承接“菜篮子、果盘子”的民生温度。,055_水果摊.jpg,网络图片,https://my.nzte.govt.nz/article/singapores-food-and-beverage-retail-sector,孩子手捧水果微笑（网络参考）
56,家庭厨房 → 家庭餐桌,【连续画面】1、【实景】家庭厨房内，洗净蔬菜入锅，蒸汽从锅中升起并充满前景，由市场流通自然落到家庭餐桌。；2、【实景】一家人围坐在热气腾腾的餐桌旁自然交流、用餐，完成“千万家庭餐桌上的幸福与安心”的具体落点。,056_家庭厨房 → 家庭餐桌.jpg,参考视频截帧,486a8ac74fce3bf0d046534692eb53aa.mp4 / frame_0112（顺序约277.5s）,允许保留原视频水印；按已核对抽帧序列匹配，原MP4直接跳转可能存在时间轴偏移
57,天津港码头 → 港区道路,【连续画面】1、【实拍/版权】天津港码头桥吊将一个集装箱落到运输车，吊装动作完整结束，开启“港—产—城”物流动线。；2、【实拍/三维】装载集装箱的货车从港区道路驶出，港口设施留在背景，表现“以港口聚产业”。,057_天津港码头 → 港区道路.jpg,网络图片,https://tradeinservices.mofcom.gov.cn/article/news/tpxw/tupian/202003/100891.html,天津港港区集装箱卡车（网络参考）
58,园区入口,【三维】同类车辆沿主路进入园区入口，门头与产业建筑同时入画，将港口货流导入项目。,058_园区入口.jpg,参考视频截帧,486a8ac74fce3bf0d046534692eb53aa.mp4 / frame_0083（顺序约205.0s）,允许保留原视频水印；按已核对抽帧序列匹配，原MP4直接跳转可能存在时间轴偏移
59,分拣加工区,【实拍/三维】货物进入加工分拣线并完成一次分流，传送带与分级节点表现“以产业兴城市”的加工环节。,059_分拣加工区.jpg,参考视频截帧,486a8ac74fce3bf0d046534692eb53aa.mp4 / frame_0123（顺序约305.0s）,允许保留原视频水印；按已核对抽帧序列匹配，原MP4直接跳转可能存在时间轴偏移
60,城市集配中心 → 天津城市网络,【连续画面】1、【三维/实拍】冷链配送车从城市集配中心驶出，车辆整齐发车，货物流由园区转入城市配送。；2、【三维地图】天津城区配送网络从项目节点向外逐个点亮，最终形成“港口→园区→城市”的动态光流线路。,060_城市集配中心 → 天津城市网络.jpg,参考视频截帧,486a8ac74fce3bf0d046534692eb53aa.mp4 / frame_0151（顺序约375.0s）,允许保留原视频水印；按已核对抽帧序列匹配，原MP4直接跳转可能存在时间轴偏移
61,全球地图 → 一带一路线路,【连续画面】1、【虚拟全球地图】地球旋转至东亚，天津节点首先亮起，国内与国际两组流通方向在画面中建立。；2、【虚拟全球地图】从天津向外延伸“一带一路”示意线路，沿线节点依次点亮，形成对外贸易主通道。,061_全球地图 → 一带一路线路.jpg,参考视频截帧,486a8ac74fce3bf0d046534692eb53aa.mp4 / frame_0153（顺序约380.0s）,允许保留原视频水印；按已核对抽帧序列匹配，原MP4直接跳转可能存在时间轴偏移
62,中蒙俄经济走廊,【虚拟全球地图】中蒙俄经济走廊方向独立发光，高亮天津与蒙古、俄罗斯之间的北向连接。,062_中蒙俄经济走廊.jpg,参考视频截帧,486a8ac74fce3bf0d046534692eb53aa.mp4 / frame_0154（顺序约382.5s）,允许保留原视频水印；按已核对抽帧序列匹配，原MP4直接跳转可能存在时间轴偏移
63,中欧班列,【实拍/版权+MG】中欧班列货运列车横向穿过画面，铁路沿线叠加轻量光流，表现陆路国际通道。,063_中欧班列.jpg,网络图片,https://news.jstv.com/a/20220724/1658671175677.shtml,中欧班列货运列车（网络参考）
64,全球生鲜汇聚天津 → 天津农产走向世界,【连续画面】1、【虚拟全球地图】海运航线与海外光线从世界各地汇聚天津，生鲜货品图形随线路进入，表现进口全球优质生鲜。；2、【虚拟全球地图】光线由天津向全球反向延伸，天津特色农产品沿线路输出，进口与出口共同形成双向流通。,064_全球生鲜汇聚天津 → 天津农产走向世界.jpg,参考视频截帧,486a8ac74fce3bf0d046534692eb53aa.mp4 / frame_0157（顺序约390.0s）,允许保留原视频水印；按已核对抽帧序列匹配，原MP4直接跳转可能存在时间轴偏移
65,商户装车 → 市民选购,【连续画面】1、【实拍】商户清晨完成装车，关上满载货物的车门并露出笑容，人物与经营车辆共同呈现产业人的日常。；2、【实拍】市民挑选商品后满意点头，与摊主完成简短交流，表现市场交易中的信任与生活温度。,065_商户装车 → 市民选购.jpg,参考视频截帧,486a8ac74fce3bf0d046534692eb53aa.mp4 / frame_0172（顺序约427.5s）,允许保留原视频水印；按已核对抽帧序列匹配，原MP4直接跳转可能存在时间轴偏移
66,人才公寓入住,【实拍/三维】人才公寓门前，年轻人拎包或拖行李刷卡进入，体现园区对奋斗者工作与生活的承载。,066_人才公寓入住.jpg,网络图片,https://www.sabeeapp.com/tm30,年轻职业人士携行李进入现代大堂（网络参考）
67,园区食堂,【实拍/三维】园区食堂内，用餐者坐下并端起热汤或饭菜；热气、餐桌与安心神态构成温情画面。,067_园区食堂.jpg,参考视频截帧,486a8ac74fce3bf0d046534692eb53aa.mp4 / frame_0113（顺序约280.0s）,允许保留原视频水印；按已核对抽帧序列匹配，原MP4直接跳转可能存在时间轴偏移
68,园区夕阳 → 园区灯火初上,【连续画面】1、【3D渲染】夕阳下园区由金色时刻进入蓝调时刻，道路、建筑与天空层次缓慢变化。；2、【3D渲染】园区灯火初上，第一批建筑与道路灯光依次亮起，暖黄色灯光在暮色中形成“初心 · 荣光”收束。,068_园区夕阳 → 园区灯火初上.jpg,参考视频截帧,486a8ac74fce3bf0d046534692eb53aa.mp4 / frame_0116（顺序约287.5s）,允许保留原视频水印；按已核对抽帧序列匹配，原MP4直接跳转可能存在时间轴偏移
69,园区黄昏 → 建筑灯光,【连续画面】1、【4K 3D渲染】黄昏时分园区全景稳定呈现，天空由暖金进入蓝调，产业新城轮廓完整铺开。；2、【4K 3D渲染】交易区、冷库与配套建筑灯火由近到远次第点亮，园区夜间运营空间逐层显现。,069_园区黄昏 → 建筑灯光.jpg,参考视频截帧,486a8ac74fce3bf0d046534692eb53aa.mp4 / frame_0170（顺序约422.5s）,允许保留原视频水印；按已核对抽帧序列匹配，原MP4直接跳转可能存在时间轴偏移
70,园区车流,【4K 3D渲染】园区主路车流如织，冷链车辆灯光形成连续光点，商铺通明并呈现繁华运营状态。,070_园区车流.jpg,参考视频截帧,486a8ac74fce3bf0d046534692eb53aa.mp4 / frame_0088（顺序约217.5s）,允许保留原视频水印；按已核对抽帧序列匹配，原MP4直接跳转可能存在时间轴偏移
71,交易大厅未来运营,【4K 3D/实拍合成】交易大厅内人流涌动，商户、采购人员与货物流有序运行，表现项目全面建成后的繁华景象。,071_交易大厅未来运营.jpg,参考视频截帧,486a8ac74fce3bf0d046534692eb53aa.mp4 / frame_0098（顺序约242.5s）,允许保留原视频水印；按已核对抽帧序列匹配，原MP4直接跳转可能存在时间轴偏移
72,产业新城鸟瞰,【4K 3D渲染】航拍继续拉升，整片园区与滨海新区城市灯光共同入画，产业新城在暮色中璀璨如星河。,072_产业新城鸟瞰.jpg,参考视频截帧,486a8ac74fce3bf0d046534692eb53aa.mp4 / frame_0170（顺序约422.5s）,允许保留原视频水印；按已核对抽帧序列匹配，原MP4直接跳转可能存在时间轴偏移
73,项目调研现场,【实拍】政府考察团在项目现场边行走边听讲解，调研人员、讲解者与项目背景同框，表现政企调研交流。,073_项目调研现场.jpg,参考视频截帧,486a8ac74fce3bf0d046534692eb53aa.mp4 / frame_0106（顺序约262.5s）,允许保留原视频水印；按已核对抽帧序列匹配，原MP4直接跳转可能存在时间轴偏移
74,签约现场,【实拍】商户代表完成签约后交换文件并握手，现场掌声与双方表情完整呈现合作落地。,074_签约现场.jpg,参考视频截帧,486a8ac74fce3bf0d046534692eb53aa.mp4 / frame_0167（顺序约415.0s）,允许保留原视频水印；按已核对抽帧序列匹配，原MP4直接跳转可能存在时间轴偏移
75,贸易洽谈,【实拍】国内外贸易商围桌洽谈或举杯交流，项目资料与园区沙盘位于画面内，表现全球贸易合作。,075_贸易洽谈.jpg,网络图片,https://www.worldjournal.com/wj/story/121339/8623232?zh-cn,中外商务人士正式会谈（网络参考）
76,全球伙伴视频连线 → 合作伙伴群像,【连续画面】1、【实拍+屏幕合成】会议屏幕显示多地全球合作伙伴视频连线，现场人员面向屏幕交流，建立跨区域协作。；2、【实拍】政府、商户、贸易伙伴与企业代表自然交流形成笑脸群像，视线最终统一朝向项目沙盘或园区大屏。,076_全球伙伴视频连线 → 合作伙伴群像.jpg,参考视频截帧,486a8ac74fce3bf0d046534692eb53aa.mp4 / frame_0173（顺序约430.0s）,允许保留原视频水印；按已核对抽帧序列匹配，原MP4直接跳转可能存在时间轴偏移
77,园区主路 → 项目主入口,【连续画面】1、【三维】镜头高速穿越繁华园区主路，交易大厅、冷库、物流车辆与城市灯光从两侧掠过，向主入口方向推进。；2、【三维】镜头在项目主入口大门前减速并缓缓推近，门头标识、建筑材质与园区灯光稳定进入完整构图。,077_园区主路 → 项目主入口.jpg,参考视频截帧,486a8ac74fce3bf0d046534692eb53aa.mp4 / frame_0147（顺序约365.0s）,允许保留原视频水印；按已核对抽帧序列匹配，原MP4直接跳转可能存在时间轴偏移
78,项目LOGO/名称,【三维+MG】园区背景压暗，金色光芒汇聚，项目LOGO与“天津国际农产品交易中心”名称全屏中央定格。,078_项目LOGO_名称.jpg,参考视频截帧,486a8ac74fce3bf0d046534692eb53aa.mp4 / frame_0175（顺序约435.0s）,允许保留原视频水印；按已核对抽帧序列匹配，原MP4直接跳转可能存在时间轴偏移
79,招商信息页1 → 招商信息页2,【连续画面】1、【动态图文定版】招商合作热线作为主信息单独浮现，保留项目LOGO与统一金色视觉体系；具体号码留作可替换字段。；2、【动态图文定版】项目地址作为主信息单独浮现，版式与招商热线页连续统一；具体地址留作可替换字段。,079_招商信息页1 → 招商信息页2.jpg,参考视频截帧,486a8ac74fce3bf0d046534692eb53aa.mp4 / frame_0176（顺序约437.5s）,允许保留原视频水印；按已核对抽帧序列匹配，原MP4直接跳转可能存在时间轴偏移
80,联合打造页 → 最终Slogan,【连续画面】1、【品牌定版】天津食品集团与首衡集团双LOGO并列，项目名称同屏，完整呈现“天津食品集团 × 首衡集团 联合打造”。；2、【最终定版】全屏金色粒子与潮线汇聚成Slogan“共赢千亿产业未来 · 共铸时代不朽丰碑”，完整定格后渐黑。,080_联合打造页 → 最终Slogan.jpg,参考视频截帧,486a8ac74fce3bf0d046534692eb53aa.mp4 / frame_0174（顺序约432.5s）,允许保留原视频水印；按已核对抽帧序列匹配，原MP4直接跳转可能存在时间轴偏移
